72812;A ALZAID;0
72813;JOWITT;1
72814;JOY;2
72815;BUJALDON;3
72816;BADIA;4
72817;A G;5
72818;CORDARA;6
72819;AAB;7
72820;BADIAGA;8
72821;BUJAN;9
72822;AABA;A
72823;CORDARO;B
72824;BADIANE;C
72825;BADIAS;D
72826;BUJANA;E
72827;EL GALLAF;F
72828;CORDAROY;G
72829;AABACH;H
72830;BADIC;I
72831;BUJANDA;J
72832;GENOV;K
72833;AABACHRIM;L
72834;BUJANITA;M
72835;CORDAS;N
72836;BADICA;O
72837;CORDAVIAS;P
72838;BADICEANU;Q
72839;AABAD;R
72840;BUJARALOZ;S
72841;CORDEA;T
72842;GENOVA;U
72843;BADICEL;V
72844;AABAJLA;W
72845;CORDEIRO;X
72846;EL GAMAL;Y
72847;GENOVARD;0
72848;BUJARDON;1
72849;BADICHE;2
72850;AABALLOU;3
72851;BADICI;4
72852;BADICIOIU;5
72853;GENOVART;6
72854;CORDEL;7
72855;EL GAMANI;8
72856;BUJARI;9
72857;GENOVAT;0A
72858;CORDELEA;0B
72859;BADICU;0C
72860;AABALOU;0D
72861;GENOVE;0E
72862;BADIDI;0F
72863;EL GAMHI;0G
72864;AABASLAMA;0H
72865;CORDELL;0I
72866;BUJARRABAL;0J
72867;GENOVER;0K
72868;BADIE;0L
72869;AABASS;0M
72870;CORDELLA;0N
72871;BUJART;0O
72872;AABBAD;0P
72873;BUJASE;0Q
72874;AABBADA;0R
72875;BUJDEI;0S
72876;AABBASS;0T
72877;CORDELLANA;0U
72878;BUJDUVEANU;0V
72879;GENOVES;0W
72880;AABDOU;0X
72881;CORDELLAT;0Y
72882;BUJEDA;10
72883;BUJEDO;11
72884;GENOVESE;12
72885;AABI;13
72886;CORDEN;14
72887;GENOVESI;15
72888;BUJEIRO;16
72889;AABICH;17
72890;CORDENTE;18
72891;BADIEE;19
72892;BUJELLA;1A
72893;AABID;1B
72894;GENOVEVA;1C
72895;CORDER;1D
72896;AABIDA;1E
72897;GENOVEZ;1F
72898;BADIELLA;1G
72899;CORDERA;1H
72900;BUJENITA;1I
72901;GENOVEZZI;1J
72902;AABIDI;1K
72903;GENOVILLA;1L
72904;AABKARI;1M
72905;CORDERAS;1N
72906;BADIES;1O
72907;CORDERI;1P
72908;AABOU;1Q
72909;GENOVSKI;1R
72910;EL GAMOT;1S
72911;BADIH;1T
72912;GENOY;1U
72913;AABOUBOU;1V
72914;BADII;1W
72915;BUJEQUE;1X
72916;AABOUCH;1Y
72917;EL GAMOUCHI;20
72918;CORDERO;21
72919;GENS;22
72920;BADIL;23
72921;EL GAMOUS;24
72922;BUJER;25
72923;AABOUCHE;26
72924;CORDEROY;27
72925;BUJES;28
72926;GENSANA;29
72927;AABOUD;2A
72928;EL GAMRANI;2B
72929;GENSCH;2C
72930;BADILA;2D
72931;BUJET;2E
72932;EL GAMRAOUI;2F
72933;CORDERROURA;2G
72934;GENSINI;2H
72935;EL GANA;2I
72936;CORDERROURE;2J
72937;GENT;2K
72938;BADILAS;2L
72939;AABOUDA;2M
72940;EL GANBOUR;2N
72941;BUJEZ;2O
72942;BADILITA;2P
72943;BUJIA;2Q
72944;EL GANDOUR;2R
72945;CORDERY;2S
72946;AACH CHOUBA;2T
72947;BADILLA;2U
72948;GENTA;2V
72949;BUJIAR;2W
72950;CORDES;2X
72951;AACHAB;2Y
72952;BADILLO;30
72953;EL GANDOUZ;31
72954;EL GANIARI;32
72955;AACHAK;33
72956;EL GANNOUFI;34
72957;BUJIAS;35
72958;GENTAL;36
72959;CORDEU;37
72960;EL GANNOUNY;38
72961;BADILLOS;39
72962;AACHBOUN;3A
72963;GENTARAU;3B
72964;BUJIDOS;3C
72965;CORDI;3D
72966;BADIM;3E
72967;EL GANOUNI;3F
72968;AACHIK;3G
72969;BADIMON;3H
72970;GENTEA;3I
72971;BUJITA;3J
72972;CORDIAL;3K
72973;EL GANSAOUI;3L
72974;AACHIR;3M
72975;BUJNOWSKI;3N
72976;BADIN;3O
72977;CORDIDO;3P
72978;GENTES;3Q
72979;AACHOUCH;3R
72980;EL GAOU;3S
72981;BUJO;3T
72982;BADINA;3U
72983;EL GAOUAT;3V
72984;CORDIER;3W
72985;AACHOUI;3X
72986;GENTHE;3Y
72987;BUJOI;40
72988;BADINE;41
72989;EL GAOUDI;42
72990;BUJOK;43
72991;EL GAOUI;44
72992;BUJONES;45
72993;EL GAOUIRAH;46
72994;BUJONS;47
72995;EL GAOUT;48
72996;EL GARAA;49
72997;GENTI;4A
72998;BADINO;4B
72999;EL GARAH;4C
73000;AACHOUR;4D
73001;CORDINER;4E
73002;BUJOR;4F
73003;EL GARBI;4G
73004;BADIO;4H
73005;GENTICO;4I
73006;BUJOREANU;4J
73007;BUJOSA;4K
73008;AACHRAK;4L
73009;CORDINGLEY;4M
73010;BUK;4N
73011;EL GARBOUZ;4O
73012;GENTIL;4P
73013;BADIOLA;4Q
73014;CORDINI;4R
73015;AADARI;4S
73016;EL GARCH;4T
73017;GENTIL XAVIER;4U
73018;BADIR;4V
73019;AADDACH;4W
73020;EL GARFATI;4X
73021;GENTILE;4Y
73022;BUKALA;50
73023;CORDIS;51
73024;AADDAM;52
73025;EL GARGATI;53
73026;BUKAR;54
73027;BADIS;55
73028;CORDO;56
73029;BADISSI;57
73030;BUKASA;58
73031;AADDAR;59
73032;CORDOBA;5A
73033;EL GARHI;5B
73034;BUKATINA;5C
73035;BADITA;5D
73036;EL GARN;5E
73037;GENTILI;5F
73038;AADDI;5G
73039;GENTILINI;5H
73040;CORDOBA DE SAMANIEGO;5I
73041;EL GARNAOUI;5J
73042;AADDIA;5K
73043;GENTILLE;5L
73044;BADITOIU;5M
73045;BUKER;5N
73046;CORDOBES;5O
73047;EL GARNI;5P
73048;BUKHANETS;5Q
73049;GENTILUOMO;5R
73050;BUKHARI;5S
73051;EL GAROUANI;5T
73052;BADIU;5U
73053;CORDOBEZ;5V
73054;GENTLE;5W
73055;AADEL;5X
73056;GENTO;5Y
73057;CORDOBILLA;60
73058;BADJI;61
73059;BUKHAROVA;62
73060;EL GAROUAOUI;63
73061;AADIA;64
73062;BUKIN;65
73063;GENTOU;66
73064;EL GAROUAZ;67
73065;CORDOMI;68
73066;BADJIE;69
73067;AADID;6A
73068;GENTRY;6B
73069;BUKINA;6C
73070;BADJINKA;6D
73071;AADIL;6E
73072;BUKKOSI;6F
73073;EL GARRAB;6G
73074;CORDON;6H
73075;GENTSCH;6I
73076;BUKO;6J
73077;BADMAEVA;6K
73078;EL GARTET;6L
73079;AADLAND;6M
73080;GENTY;6N
73081;CORDONCILLO;6O
73082;EL GARTI;6P
73083;AADMI;6Q
73084;BUKOS;6R
73085;CORDONE;6S
73086;BADMUS;6T
73087;BUKOVA;6U
73088;GENTZ;6V
73089;CORDONEANU;6W
73090;BADO;6X
73091;AADNAN;6Y
73092;CORDONEDA;70
73093;BUKOVICH;71
73094;BADOAIA;72
73095;EL GARTILI;73
73096;GENTZSCH;74
73097;AADNANI;75
73098;CORDONERO;76
73099;BADOCH;77
73100;GENUA;78
73101;AADOU;79
73102;BUKOVSKA;7A
73103;EL GARTITE;7B
73104;BADOI;7C
73105;CORDONES;7D
73106;EL GASBI;7E
73107;AADOUZ;7F
73108;GENUARIO;7G
73109;BUKOWSKA;7H
73110;CORDONET;7I
73111;BADOIU;7J
73112;BUKOWSKI;7K
73113;EL GATAB;7L
73114;GENZ;7M
73115;AADSI;7N
73116;BADOLATO;7O
73117;EL GATIBI;7P
73118;AAFAKI;7Q
73119;CORDONETS;7R
73120;BUKPASZ;7S
73121;EL GATRA;7T
73122;GENZONE;7U
73123;BADON;7V
73124;AAFAR;7W
73125;CORDONEZ;7X
73126;GENZOR;7Y
73127;BUKSA;80
73128;EL GATRANI;81
73129;BADOQUIO;82
73130;AAFER;83
73131;CORDONIE;84
73132;EL GATRAOUI;85
73133;AAFIF;86
73134;CORDONNIER;87
73135;GEODOIU;88
73136;EL GATTAOUI;89
73137;BADORREY;8A
73138;BUL;8B
73139;CORDOS;8C
73140;EL GATTARI;8D
73141;BULA;8E
73142;GEOFFROY;8F
73143;AAFIFI;8G
73144;CORDOVA;8H
73145;BADOS;8I
73146;EL GAUCHI;8J
73147;GEOGEA;8K
73148;AAFIR;8L
73149;BULAC;8M
73150;BADOSA;8N
73151;GEOGHEGAN;8O
73152;AAFUOALLAH;8P
73153;BULACIO;8Q
73154;BADOSTAIN;8R
73155;GEONEA;8S
73156;BULACU;8T
73157;AAGAARD;8U
73158;EL GAZAR;8V
73159;CORDOVAN;8W
73160;BADOU;8X
73161;GEORG;8Y
73162;EL GAZI;90
73163;BULAGEA;91
73164;CORDOVES;92
73165;BADOUCH;93
73166;AAGAOU;94
73167;GEORGACOPULOS;95
73168;EL GAZOUALI;96
73169;BULAHI;97
73170;CORDOVEZ;98
73171;GEORGE;99
73172;EL GAZOULI;9A
73173;BADOUH;9B
73174;AAGESEN;9C
73175;CORDOVI;9D
73176;BULAI;9E
73177;EL GAZOUTI;9F
73178;CORDOVILLA;9G
73179;AAIACHI;9H
73180;BULAICH;9I
73181;BADOUI;9J
73182;GEORGEA;9K
73183;EL GAZZAR;9L
73184;AAIAD;9M
73185;CORDOVILLO;9N
73186;EL GAZZARI;9O
73187;AAIDOUN;9P
73188;BADOUIN;9Q
73189;CORDOVIN;9R
73190;GEORGEL;9S
73191;BULAID;9T
73192;EL GAZZI;9U
73193;AAIROUT;9V
73194;BADOUR;9W
73195;BULAIX;9X
73196;AAJAL;9Y
73197;EL GDALI;A0
73198;CORDTS;A1
73199;GEORGES;A2
73200;AAJI;A3
73201;EL GDARI;A4
73202;BADOURI;A5
73203;BULAJ;A6
73204;GEORGESC;A7
73205;CORDUENTE;A8
73206;AAJNAH;A9
73207;EL GENDOUZI;AA
73208;BADOUX;AB
73209;GEORGESCU;AC
73210;EL GENOUNI;AD
73211;CORDUN;AE
73212;AAJOUD;AF
73213;BADOWSKI;AG
73214;EL GHAADAOUI;AH
73215;CORDUNEANU;AI
73216;BADOYAN;AJ
73217;AAJOUR;AK
73218;BULANCEA;AL
73219;GEORGESON;AM
73220;EL GHABA;AN
73221;BADR;AO
73222;AAKAOU;AP
73223;EL GHABALI;AQ
73224;BULANCIA;AR
73225;GEORGET;AS
73226;CORE;AT
73227;AAKCHA;AU
73228;BULANDOS;AV
73229;BADR EDDINE;AW
73230;EL GHABAOUI;AX
73231;AAKEL;AY
73232;GEORGETA;B0
73233;COREA;B1
73234;BULANTI;B2
73235;BADRA;B3
73236;EL GHABI;B4
73237;AAKI;B5
73238;COREAS;B6
73239;GEORGEVICH;B7
73240;BULARCA;B8
73241;EL GHABRA;B9
73242;BADRAGAN;BA
73243;GEORGEVICI;BB
73244;BULARDA;BC
73245;AAKID;BD
73246;CORED;BE
73247;EL GHABRI;BF
73248;BADRAN;BG
73249;GEORGI;BH
73250;EL GHABRITI;BI
73251;BADRANE;BJ
73252;AAKIL;BK
73253;CORELL;BL
73254;BULAREANU;BM
73255;GEORGIADIS;BN
73256;EL GHABZOURI;BO
73257;BADRAOUI;BP
73258;BULARGA;BQ
73259;CORELLA;BR
73260;GEORGIAN;BS
73261;AAKKI;BT
73262;EL GHACHAM;BU
73263;BADRE;BV
73264;BULAT;BW
73265;AAKLA;BX
73266;GEORGIANA;BY
73267;EL GHACHAOUI;C0
73268;BADREDDINE;C1
73269;AAKLI;C2
73270;BULATAO;C3
73271;CORELLANO;C4
73272;EL GHACHI;C5
73273;GEORGICA;C6
73274;BADRELDIN;C7
73275;AAKOUK;C8
73276;BULATOVA;C9
73277;COREN;CA
73278;BADRENA;CB
73279;AAKRE;CC
73280;BULATOVIC;CD
73281;EL GHACHTOUL;CE
73282;GEORGIEV;CF
73283;CORENA;CG
73284;AALA;CH
73285;EL GHADDANI;CI
73286;BULAU;CJ
73287;BADRENAS;CK
73288;EL GHADDAR;CL
73289;BADREZZAMANE;CM
73290;AALAMI;CN
73291;CORENCIA;CO
73292;BULAUCA;CP
73293;EL GHADDARI;CQ
73294;GEORGIEVA;CR
73295;AALAOUEL;CS
73296;CORENTO;CT
73297;BADRI;CU
73298;BULAVYNETS;CV
73299;EL GHADDIOUI;CW
73300;AALAOUI;CX
73301;CORERA;CY
73302;GEORGIO;D0
73303;AALBERS;D1
73304;BULBARIU;D2
73305;EL GHADI;D3
73306;CORES;D4
73307;BADRINAS;D5
73308;GEORGIOS;D6
73309;BULBENA;D7
73310;EL GHADIR;D8
73311;AALDERS;D9
73312;CORESCIUC;DA
73313;GEORGIOU;DB
73314;GEORGIS;DC
73315;CORESSEL;DD
73316;EL GHAFFOULI;DE
73317;BULBOACA;DF
73318;CORET;DG
73319;GEORGITA;DH
73320;AALI;DI
73321;GEORGIU;DJ
73322;CORETCHI;DK
73323;BULBUC;DL
73324;EL GHAFKI;DM
73325;GEORGUIEV;DN
73326;CORETH;DO
73327;CORETTI;DP
73328;GEORLETTE;DQ
73329;BULBUCAN;DR
73330;EL GHAIDOUNI;DS
73331;AALIEN;DT
73332;COREY;DU
73333;GEORZA;DV
73334;EL GHAILANI;DW
73335;AALILECH;DX
73336;BULC;DY
73337;AALILI;E0
73338;EL GHAILANY;E1
73339;BULCEAG;E2
73340;GEPPERT;E3
73341;CORFARU;E4
73342;AALILOU;E5
73343;EL GHAILOUFI;E6
73344;GER;E7
73345;BULCHAND;E8
73346;CORFIELD;E9
73347;EL GHAJOUAN;EA
73348;BULCHANDANI;EB
73349;AALILOUCH;EC
73350;CORFU;ED
73351;GERA;EE
73352;AALIOUAT;EF
73353;BADRINES;EG
73354;BULDAIN;EH
73355;EL GHALABZOURI;EI
73356;BULDO;EJ
73357;EL GHALBI;EK
73358;EL GHALBZOURI;EL
73359;CORGO;EM
73360;EL GHALI;EN
73361;BADRUNA;EO
73362;AALIYE;EP
73363;GERACE;EQ
73364;BULDON;ER
73365;BADRY;ES
73366;AALLA;ET
73367;BULDU;EU
73368;EL GHALIA;EV
73369;GERACI;EW
73370;CORGOS;EX
73371;BADT;EY
73372;BULDUM;F0
73373;AALLAL;F1
73374;EL GHALID;F2
73375;GERADA;F3
73376;BADU;F4
73377;CORI;F5
73378;AALLALI;F6
73379;EL GHALLAL;F7
73380;GERAGHTY;F8
73381;BULE;F9
73382;EL GHALLALI;FA
73383;BADUA;FB
73384;AALLAM;FC
73385;CORIA;FD
73386;AALLAOUI;FE
73387;BADUELL;FF
73388;EL GHALMI;FG
73389;BULEA;FH
73390;AALOLI;FI
73391;GERALD;FJ
73392;BADUICA;FK
73393;BULEANDRA;FL
73394;EL GHALOULI;FM
73395;CORIANO;FN
73396;AALOU;FO
73397;GERALDA;FP
73398;BADULEASA;FQ
73399;BULEARCA;FR
73400;AALOUCH;FS
73401;EL GHALY;FT
73402;GERALDES;FU
73403;CORIASSO;FV
73404;BADULES;FW
73405;BULEBIELE;FX
73406;AALOUF;FY
73407;EL GHAM;G0
73408;CORIAT;G1
73409;GERALDEZ;G2
73410;BADULESCU;G3
73411;BULECHE;G4
73412;AALOUI;G5
73413;EL GHAMAT;G6
73414;CORIC;G7
73415;BULEJE;G8
73416;GERALDIA;G9
73417;CORICA;GA
73418;BADULET;GB
73419;AALOUL;GC
73420;EL GHAMMAT;GD
73421;BULEO;GE
73422;GERALDINO;GF
73423;BADURA;GG
73424;EL GHAMMOUZI;GH
73425;CORICI;GI
73426;BULET;GJ
73427;GERALDO;GK
73428;AALTO;GL
73429;BADUT;GM
73430;EL GHAMRI;GN
73431;BULETE;GO
73432;CORICICA;GP
73433;AALTONEN;GQ
73434;BULETO;GR
73435;GERALT;GS
73436;BADUTA;GT
73437;AAMALI;GU
73438;EL GHANAMI;GV
73439;GERANIO;GW
73440;CORIGLIANO;GX
73441;AAMAR;GY
73442;EL GHANAOUI;H0
73443;GERARD;H1
73444;BADUY;H2
73445;CORIHUELA;H3
73446;BULEU;H4
73447;EL GHANDOR;H5
73448;AAMARA;H6
73449;BADYINE;H7
73450;EL GHANDOUR;H8
73451;AAMAROUCH;H9
73452;BULEZ;HA
73453;CORILLA;HB
73454;GERARDI;HC
73455;BAE;HD
73456;AAMER;HE
73457;EL GHANDOURI;HF
73458;BULF;HG
73459;EL GHANEMY;HH
73460;CORIMANYA;HI
73461;GERARDIN;HJ
73462;AAMIMI;HK
73463;BULFON;HL
73464;BAEARAM;HM
73465;CORINA;HN
73466;BULFTTE;HO
73467;EL GHANI;HP
73468;BAECHLER;HQ
73469;GERARDINO;HR
73470;AAMIR;HS
73471;BAECK;HT
73472;AAMIRA;HU
73473;EL GHANMI;HV
73474;GERARDO;HW
73475;BULGAKOVA;HX
73476;CORINALDESI;HY
73477;BAEHR;I0
73478;AAMIYAR;I1
73479;EL GHANNAMI;I2
73480;CORINI;I3
73481;BAEK;I4
73482;BULGAR;I5
73483;AAMMART;I6
73484;GERARDS;I7
73485;EL GHANNAY;I8
73486;CORINO;I9
73487;BULGAREA;IA
73488;AAMMOURI;IB
73489;GERAS;IC
73490;BAEL;ID
73491;EL GHANNOURI;IE
73492;CORIO;IF
73493;BULGAREAN;IG
73494;AAMMY;IH
73495;EL GHAOUAL;II
73496;BAELE;IJ
73497;GERASIMENKO;IK
73498;CORIS;IL
73499;BULGARELLI;IM
73500;CORISCO;IN
73501;EL GHAOUAT;IO
73502;GERASIMOV;IP
73503;AAMOURI;IQ
73504;BAELL;IR
73505;BULGARESCU;IS
73506;AAMRANI;IT
73507;BAELLA;IU
73508;CORIZZO;IV
73509;BULGARI;IW
73510;AAMRI;IX
73511;CORJA;IY
73512;GERASIMOVA;J0
73513;BAELLO;J1
73514;BULGARIEV;J2
73515;CORJESCU;J3
73516;BAELO;J4
73517;AAMRIOUI;J5
73518;BULGARIEVA;J6
73519;GERASYMCHUK;J7
73520;CORJOS;J8
73521;AANAN;J9
73522;CORJUC;JA
73523;BAEN;JB
73524;GERASYMENKO;JC
73525;BULGARIN;JD
73526;AANANE;JE
73527;CORK;JF
73528;AANANO;JG
73529;BULGARIU;JH
73530;CORKE;JI
73531;AANANOU;JJ
73532;GERAUD;JK
73533;BAENA;JL
73534;BULGARU;JM
73535;GERBASI;JN
73536;BULGAZ;JO
73537;CORKER;JP
73538;AANANOUCH;JQ
73539;GERBAUD;JR
73540;GERBAUDO;JS
73541;CORKERY;JT
73542;BULGHERONI;JU
73543;AANEI;JV
73544;BAENAS;JW
73545;GERBEAU;JX
73546;CORLACI;JY
73547;BULHAC;K0
73548;AANFOUD;K1
73549;BAER;K2
73550;BULHOES;K3
73551;GERBENO;K4
73552;CORLACIU;K5
73553;AANFUF;K6
73554;BAERAM;K7
73555;BULIART;K8
73556;AANIBA;K9
73557;GERBER;KA
73558;CORLAN;KB
73559;AANICAI;KC
73560;EL GHAOUI;KD
73561;CORLAT;KE
73562;BULIBASA;KF
73563;BAERT;KG
73564;GERBI;KH
73565;BULICA;KI
73566;AANKAD;KJ
73567;CORLATAN;KK
73568;EL GHAOUTI;KL
73569;AANKIZ;KM
73570;CORLATEANU;KN
73571;BULICANU;KO
73572;GERBOLES;KP
73573;BAERVOETS;KQ
73574;EL GHARABI;KR
73575;CORLEA;KS
73576;AANOUN;KT
73577;EL GHARADI;KU
73578;BULIGA;KV
73579;CORLECIUC;KW
73580;BAES;KX
73581;GERBRACHT;KY
73582;EL GHARAM;L0
73583;CORLETT;L1
73584;GERC;L2
73585;EL GHARBAOUI;L3
73586;BULIGIOIU;L4
73587;AANOUZ;L5
73588;BAESA;L6
73589;CORLEY;L7
73590;GERCHEV;L8
73591;AANTAR;L9
73592;EL GHARBAOUY;LA
73593;GERCHEVA;LB
73594;AANZAR;LC
73595;GERD;LD
73596;AANZI;LE
73597;GERDA;LF
73598;BULIK;LG
73599;EL GHARBI;LH
73600;CORMA;LI
73601;BAESCHLIN;LJ
73602;AAOUAD;LK
73603;GERDAY;LL
73604;BULILETE;LM
73605;BAESCU;LN
73606;CORMACK;LO
73607;AAOUAJ;LP
73608;GERDES;LQ
73609;BULIMAN;LR
73610;EL GHARDAG;LS
73611;AAOUINA;LT
73612;CORMAN;LU
73613;GERDING;LV
73614;BAESSA;LW
73615;EL GHARDINI;LX
73616;BULIMAR;LY
73617;GERDT;M0
73618;BAESU;M1
73619;EL GHARDOUF;M2
73620;AAOUISSI;M3
73621;BULIN;M4
73622;EL GHARIB;M5
73623;BAETA;M6
73624;BULJAN;M7
73625;CORMAND;M8
73626;GERDZHIKOVA;M9
73627;AAOWICHI;MA
73628;AARAB;MB
73629;CORMANO;MC
73630;BAETE;MD
73631;BULK;ME
73632;GERE;MF
73633;EL GHARIBI;MG
73634;BAETELU;MH
73635;BULKA;MI
73636;EL GHARMANI;MJ
73637;AARABAT;MK
73638;GEREA;ML
73639;BAETEN;MM
73640;CORMENZANA;MN
73641;BULKASIN;MO
73642;BAETENS;MP
73643;EL GHARMOUZI;MQ
73644;GEREBENES;MR
73645;AARABE;MS
73646;BULL;MT
73647;CORMICAN;MU
73648;BAETER;MV
73649;GEREBES;MW
73650;EL GHARNATI;MX
73651;AARABI;MY
73652;EL GHARRAFI;N0
73653;BAETICA;N1
73654;GERECHTER;N2
73655;BULLA;N3
73656;CORMINAS;N4
73657;AARABOU;N5
73658;BAETIONG;N6
73659;BULLAIN;N7
73660;EL GHARRAMI;N8
73661;GERECITANO;N9
73662;AARAF;NA
73663;CORMINOLA;NB
73664;BAETU;NC
73665;BULLALMAUN;ND
73666;EL GHARRAS;NE
73667;GERECZ;NF
73668;AARAFA;NG
73669;BULLAN;NH
73670;CORMOS;NI
73671;BAEV;NJ
73672;EL GHARROUBI;NK
73673;GEREDA;NL
73674;AARAJ;NM
73675;BULLAS;NN
73676;EL GHARROUDI;NO
73677;GEREDIAGA;NP
73678;BULLEJOS;NQ
73679;CORNA;NR
73680;AARAS;NS
73681;BAEVA;NT
73682;BAEYENS;NU
73683;AARASS;NV
73684;BULLEN;NW
73685;CORNAC;NX
73686;EL GHARS;NY
73687;GEREDUZ;O0
73688;BAEZ;O1
73689;EL GHARSS;O2
73690;BULLER;O3
73691;AARBOUT;O4
73692;CORNACCHIA;O5
73693;GEREGA;O6
73694;EL GHARTIT;O7
73695;AAREYI;O8
73696;CORNACCHIONE;O9
73697;EL GHATTASS;OA
73698;CORNACIU;OB
73699;AARFAOUI;OC
73700;GEREKA;OD
73701;BAEZ DE AGUILAR;OE
73702;EL GHAUCHE;OF
73703;CORNADO;OG
73704;GEREKAETXEBARRIA;OH
73705;BAEZA;OI
73706;EL GHAYAM;OJ
73707;AARGOUBE;OK
73708;BULLETT;OL
73709;CORNAGLIA;OM
73710;EL GHAYAME;ON
73711;AARIARA;OO
73712;BULLEY;OP
73713;CORNAGO;OQ
73714;GEREKIZ;OR
73715;EL GHAYAT;OS
73716;AARIBA;OT
73717;GERELLI;OU
73718;BULLICH;OV
73719;AARIBAT;OW
73720;BAEZA ROJANO;OX
73721;EL GHAYATI;OY
73722;AARIBECHE;P0
73723;GEREMIA;P1
73724;EL GHAYLOULI;P2
73725;CORNAO;P3
73726;BULLIDO;P4
73727;AARIBOU;P5
73728;EL GHAYYAT;P6
73729;GEREMIAS;P7
73730;BULLIMORE;P8
73731;CORNAS;P9
73732;EL GHAZAL;PA
73733;BAFALLIU;PB
73734;GERENA;PC
73735;BULLING;PD
73736;CORNATEANU;PE
73737;EL GHAZALI;PF
73738;BAFALLUY;PG
73739;CORNAX;PH
73740;BULLINGER;PI
73741;GERENABARRENA;PJ
73742;BAFALUY;PK
73743;EL GHAZAOUI;PL
73744;BULLIT;PM
73745;BULLIVANT;PN
73746;GERENCSER;PO
73747;AARICH;PP
73748;BAFFA;PQ
73749;CORNE;PR
73750;EL GHAZI;PS
73751;BULLMANN;PT
73752;GERENDI;PU
73753;AARIEB;PV
73754;BULLO;PW
73755;BAFFI;PX
73756;CORNEA;PY
73757;EL GHAZILI;Q0
73758;BULLOCH;Q1
73759;GERENDIAIN;Q2
73760;BAFFICO;Q3
73761;AARIF;Q4
73762;EL GHAZIOUI;Q5
73763;GERENTE;Q6
73764;BAFFO;Q7
73765;CORNEAN;Q8
73766;BULLOCK;Q9
73767;EL GHAZLANI;QA
73768;AARIGAT;QB
73769;GERES;QC
73770;AARIIRA;QD
73771;EL GHAZOINI;QE
73772;GERESTA;QF
73773;BAFFOE;QG
73774;BULLON;QH
73775;CORNEANU;QI
73776;AARIM;QJ
73777;BAFFOUR;QK
73778;GERETA;QL
73779;EL GHAZOUANI;QM
73780;BAFINO;QN
73781;GEREW;QO
73782;AARIOUA;QP
73783;CORNEI;QQ
73784;GEREWU;QR
73785;AARIRIJ;QS
73786;CORNEILLE;QT
73787;GEREZ;QU
73788;BAFUNDI;QV
73789;BULLON DE MENDOZA;QW
73790;EL GHAZOUANY;QX
73791;AARKOUB;QY
73792;CORNEJO;R0
73793;BULLONES;R1
73794;AARKOUBI;R2
73795;EL GHAZOUI;R3
73796;BAG;R4
73797;BAGA;R5
73798;AARNES;R6
73799;GERE¥O;R7
73800;BULLOUGH;R8
73801;EL GHAZRANI;R9
73802;BAGACEAN;RA
73803;AARON;RB
73804;BULLRICH;RC
73805;CORNEJO MOLINS;RD
73806;BAGACES;RE
73807;GERE¥U;RF
73808;EL GHAZY;RG
73809;AAROUBI;RH
73810;BULLS;RI
73811;CORNEL;RJ
73812;GERGANA;RK
73813;BAGAEVA;RL
73814;EL GHAZZALI;RM
73815;AAROUCH;RN
73816;GERGANOVA;RO
73817;BULLY;RP
73818;CORNELI;RQ
73819;BAGAIAN;RR
73820;AAROUD;RS
73821;EL GHAZZANI;RT
73822;GERGEL;RU
73823;EL GHEFYRY;RV
73824;BULM;RW
73825;BAGALONI;RX
73826;AAROUROU;RY
73827;CORNELIA;S0
73828;GERGELY;S1
73829;BULMAGA;S2
73830;EL GHEMAMY;S3
73831;BAGAN;S4
73832;CORNELIO;S5
73833;AAROUS;S6
73834;EL GHENYMY;S7
73835;BULMAN;S8
73836;GERGINOV;S9
73837;BAGANI;SA
73838;AAROUSS;SB
73839;GERGINOVA;SC
73840;EL GHERARY;SD
73841;CORNELIS;SE
73842;BULMER;SF
73843;AAROUSSI;SG
73844;GERGOV;SH
73845;CORNELISSE;SI
73846;BAGANT;SJ
73847;BULNE;SK
73848;EL GHERBAOUI;SL
73849;BULNES;SM
73850;GERGOVA;SN
73851;CORNELISSEN;SO
73852;BAGAR;SP
73853;AARRAS;SQ
73854;EL GHERBI;SR
73855;CORNELIU;SS
73856;GERHARD;ST
73857;BAGARI;SU
73858;EL GHERYB;SV
73859;AARRASS;SW
73860;CORNELIUS;SX
73861;BAGARIA;SY
73862;GERHARDS;T0
73863;EL GHERYSY;T1
73864;BULO;T2
73865;AARRASSI;T3
73866;GERHARDT;T4
73867;EL GHEZAOUI;T5
73868;CORNELIUSSEN;T6
73869;BAGASE;T7
73870;EL GHEZOUANI;T8
73871;BULOI;T9
73872;AARTS;TA
73873;CORNELL;TB
73874;BAGAURI;TC
73875;GERHOLD;TD
73876;GERIA;TE
73877;EL GHIABI;TF
73878;CORNELLA;TG
73879;BULOIX;TH
73880;BAGAYOGO;TI
73881;AAS;TJ
73882;EL GHIATI;TK
73883;BULOSAN;TL
73884;GERIBAS;TM
73885;AASBAI;TN
73886;BAGAYOKO;TO
73887;CORNELLANA;TP
73888;EL GHILANI;TQ
73889;BULOW;TR
73890;GERIBES;TS
73891;EL GHIOUAN;TT
73892;AASE;TU
73893;BULPE;TV
73894;GERIC;TW
73895;CORNELLAS;TX
73896;EL GHIOUANE;TY
73897;BAGAZGOITIA;U0
73898;AASEM;U1
73899;CORNELLES;U2
73900;GERICA;U3
73901;AASEN;U4
73902;BAGDAD;U5
73903;BULSEGURA;U6
73904;EL GHMARI;U7
73905;CORNELLI;U8
73906;AASLUND;U9
73907;AASOUM;UA
73908;BULT;UB
73909;EL GHOBACHI;UC
73910;GERICH;UD
73911;BULTA;UE
73912;CORNELLO;UF
73913;BAGDADI;UG
73914;EL GHOLABZOURI;UH
73915;GERICKE;UI
73916;EL GHOLB;UJ
73917;CORNER;UK
73918;BAGDASARIAN;UL
73919;BULTE;UM
73920;GERICO;UN
73921;BAGDASAROV;UO
73922;CORNES;UP
73923;AASSOU;UQ
73924;BULTITUDE;UR
73925;GERIN;US
73926;BAGDASAROVA;UT
73927;EL GHOMARI;UU
73928;GERINDOTE;UV
73929;CORNESCHI;UW
73930;AASSOUM;UX
73931;BULTO;UY
73932;BAGDASARYAN;V0
73933;EL GHOMRAN;V1
73934;GERIQUE;V2
73935;CORNESCU;V3
73936;BAGDONAITE;V4
73937;AATACH;V5
73938;BULUCEA;V6
73939;EL GHOMRI;V7
73940;CORNET;V8
73941;AATANI;V9
73942;BULUCUA;VA
73943;EL GHORFI;VB
73944;GERIZ;VC
73945;BAGDONAS;VD
73946;EL GHORRI;VE
73947;CORNEY;VF
73948;AATAOUA;VG
73949;BULUFERT;VH
73950;BAGDONAVICIUS;VI
73951;EL GHOUAT;VJ
73952;CORNEZ;VK
73953;BULUGEAN;VL
73954;BAGDONAVICIUTE;VM
73955;EL GHOUATE;VN
73956;CORNFIELD;VO
73957;BULUKUA;VP
73958;BAGDONIENE;VQ
73959;EL GHOUATI;VR
73960;BAGDOUR;VS
73961;BULUMAC;VT
73962;EL GHOUBACH;VU
73963;CORNFORD;VV
73964;BAGE;VW
73965;BULWAN;VX
73966;AATAR;VY
73967;BAGEAC;W0
73968;CORNFORTH;W1
73969;EL GHOUBACHI;W2
73970;BAGEAG;W3
73971;AATEK;W4
73972;BULYAVETS;W5
73973;EL GHOUCH;W6
73974;AATER;W7
73975;CORNIA;W8
73976;BULZ;W9
73977;BAGEN;WA
73978;AATI;WB
73979;CORNIC;WC
73980;EL GHOUDANI;WD
73981;BAGENETA;WE
73982;GERKE;WF
73983;AATID;WG
73984;BULZA;WH
73985;EL GHOUFAIRI;WI
73986;CORNICI;WJ
73987;GERKEN;WK
73988;BAGER;WL
73989;AATIF;WM
73990;BULZAN;WN
73991;GERL;WO
73992;CORNICIUC;WP
73993;BAGES;WQ
73994;BULZU;WR
73995;AATIFI;WS
73996;EL GHOUFIRI;WT
73997;BAGET;WU
73998;BUMALE;WV
73999;CORNIDE;WW
74000;AATMANI;WX
74001;GERLACH;WY
74002;EL GHOUIBA;X0
74003;BUMANN;X1
74004;EL GHOUJDAMI;X2
74005;BAGGA;X3
74006;AATTAR;X4
74007;CORNIEL;X5
74008;GERLACHE;X6
74009;BAGGALEY;X7
74010;AAUICHA;X8
74011;EL GHOUL;X9
74012;GERLAND;XA
74013;BUMATAY;XB
74014;BAGGAR;XC
74015;CORNIELES;XD
74016;GERLICH;XE
74017;AAWIL;XF
74018;BUMB;XG
74019;CORNIELL;XH
74020;BAGGE;XI
74021;EL GHOULB;XJ
74022;GERLIER;XK
74023;CORNIELLE;XL
74024;BAGGEN;XM
74025;AAYA;XN
74026;GERLING;XO
74027;EL GHOULBZOURI;XP
74028;BUMBA;XQ
74029;CORNIERO;XR
74030;BAGGERMAN;XS
74031;BUMBAC;XT
74032;GERLINGER;XU
74033;EL GHOULIMI;XV
74034;AAYADI;XW
74035;BAGGESEN;XX
74036;CORNIL;XY
74037;GERLO;Y0
74038;AAYDOUN;Y1
74039;EL GHOULLAT;Y2
74040;BUMBACEA;Y3
74041;CORNILA;Y4
74042;BAGGETTO;Y5
74043;GERMA;Y6
74044;AAYOUYOU;Y7
74045;EL GHOUMARI;Y8
74046;BAGGI;Y9
74047;EL GHOUMRI;YA
74048;AAZAM;YB
74049;CORNIPS;YC
74050;BUMBACEL;YD
74051;BAGGIO;YE
74052;GERMADE;YF
74053;EL GHOURI;YG
74054;AAZANE;YH
74055;CORNIS;YI
74056;BAGGLEY;YJ
74057;BUMBAR;YK
74058;EL GHOURRAF;YL
74059;GERMAIN;YM
74060;CORNISCHI;YN
74061;BAGGOTT;YO
74062;AAZAROU;YP
74063;EL GHOURY;YQ
74064;BUMBARU;YR
74065;AAZIBOU;YS
74066;GERMAINE;YT
74067;BUMBEA;YU
74068;EL GHOUTI;YV
74069;CORNISH;YW
74070;AAZIL;YX
74071;BAGHA;YY
74072;GERMAN;0
74073;EL GHOUZLANI;1
74074;BAGHACH;2
74075;CORNO;3
74076;EL GHRARI;4
74077;BUMBI;5
74078;AAZIZ;6
74079;BUMBIEDRO;7
74080;BAGHADOUST;8
74081;AAZOUZ;9
74082;EL GHRIB;00A
74083;CORNOIU;00B
74084;BAGHAL;00C
74085;BUMBU;00D
74086;AAZOUZE;00E
74087;GERMANA;00F
74088;CORNS;00G
74089;BAGHAOUI;00H
74090;BUMBUC;00I
74091;EL GHRICH;00J
74092;AAZOUZI;00K
74093;GERMANETTO;00L
74094;BAGHAR;00M
74095;CORNTHWAITE;00N
74096;BUMBUI;00O
74097;EL GHRISSAT;00P
74098;AAZZANE;00Q
74099;GERMANI;00R
74100;BAGHAT;00S
74101;CORNU;00T
74102;BUMEDIAN;00U
74103;AAZZOUZ;00V
74104;EL GHZAOUI;00W
74105;BUMEDIEM;00X
74106;GERMANIER;00Y
74107;BAGHDAD;10
74108;CORNUDELLA;11
74109;AAZZOUZI;12
74110;BUMEDIEN;13
74111;EL GHZIRI;14
74112;GERMANN;15
74113;BAGHDADI;16
74114;CORNUT;17
74115;ABA;18
74116;EL GIBARI;19
74117;CORNWALL;01A
74118;GERMANO;01B
74119;BUMILLER;01C
74120;EL GLAOUI;01D
74121;ABAADOUD;01E
74122;BAGHDALI;01F
74123;CORNWELL;01G
74124;GERMANOTTA;01H
74125;EL GMAIRI;01I
74126;ABAALI;01J
74127;BAGHDASARYAN;01K
74128;BUMKASAR;01L
74129;CORO;01M
74130;GERMANOV;01N
74131;ABAAZIZ;01O
74132;BUMSTEAD;01P
74133;GERMANOVA;01Q
74134;EL GMIRI;01R
74135;GERMEN;01S
74136;ABAB;01T
74137;BUN;01U
74138;BAGHDOYAN;01V
74139;GERMER;01W
74140;EL GNAOUI;01X
74141;BAGHERI;01Y
74142;ABABA;20
74143;COROA;21
74144;BUNA;22
74145;BAGHINO;23
74146;EL GOMARI;24
74147;COROAMA;25
74148;EL GOMRI;26
74149;GERMES;27
74150;ABABACAR;28
74151;BUNACIU;29
74152;BAGHIU;02A
74153;ABABEI;02B
74154;COROAS;02C
74155;BUNAN;02D
74156;EL GONNOUNI;02E
74157;BAGHLI;02F
74158;GERMIL;02G
74159;ABABI;02H
74160;EL GOOUAL;02I
74161;BAGHOU;02J
74162;BUNANI;02K
74163;COROBA;02L
74164;GERMILLACH;02M
74165;EL GORCH;02N
74166;ABABII;02O
74167;BAGHOUL;02P
74168;BUNAU;02Q
74169;GERMIM;02R
74170;EL GORCHE;02S
74171;ABABIO;02T
74172;COROBAN;02U
74173;BAGHOUR;02V
74174;BUNAY;02W
74175;ABABOU;02X
74176;GERMIN;02Y
74177;COROBANA;30
74178;EL GORGI;31
74179;COROBEA;32
74180;GERMINARIO;33
74181;BUNCAY;34
74182;BAGHOURI;35
74183;EL GORJA;36
74184;ABABRI;37
74185;COROBLEA;38
74186;GERMI¥AS;39
74187;BUNCE;03A
74188;EL GORJI;03B
74189;BAGHOUZ;03C
74190;ABACA;03D
74191;COROBOIANU;03E
74192;BUNCES;03F
74193;GERMOSEN;03G
74194;COROBUTA;03H
74195;ABACAY;03I
74196;BUNCH;03J
74197;EL GORRI;03K
74198;COROCAESCU;03L
74199;GERMOSO;03M
74200;BAGHOZ;03N
74201;BUNCIU;03O
74202;EL GOTE;03P
74203;ABACHANE;03Q
74204;CORODEANU;03R
74205;BAGHUMYAN;03S
74206;GERNER;03T
74207;BUNCULET;03U
74208;ABACHRI;03V
74209;EL GOTTAYA;03W
74210;BAGI;03X
74211;GERNHOFER;03Y
74212;EL GOUAD;40
74213;BUNDA;41
74214;ABACHRIM;42
74215;EL GOUAL;43
74216;BAGINSKA;44
74217;GERNHUBER;45
74218;ABAD;46
74219;BUNDGAARD;47
74220;CORODI;48
74221;BUNDIEN;49
74222;GERNON;04A
74223;BAGINSKI;04B
74224;COROESCU;04C
74225;EL GOUDAOUI;04D
74226;COROGEANU;04E
74227;GERO;04F
74228;BUNDIO;04G
74229;BAGIU;04H
74230;EL GOUENOUNI;04I
74231;COROI;04J
74232;GEROGIEVA;04K
74233;BAGLEY;04L
74234;EL GOUL;04M
74235;BUNDO;04N
74236;COROIAN;04O
74237;BAGLIERI;04P
74238;GEROLD;04Q
74239;EL GOUMI;04R
74240;BUNDOCK;04S
74241;COROIANU;04T
74242;ABAD DE SOTO;04U
74243;BAGLIETO;04V
74244;GEROMETTA;04W
74245;EL GOUMIRI;04X
74246;BUNDSCHUH;04Y
74247;COROIU;50
74248;GEROMINI;51
74249;EL GOUMRI;52
74250;ABAD MORENO;53
74251;BAGLIETTO;54
74252;BUNDUC;55
74253;GERON;56
74254;EL GOUMY;57
74255;COROJAN;58
74256;BUNDUQUIN;59
74257;ABADA;05A
74258;EL GOUNNOUNI;05B
74259;GERONA;05C
74260;COROLEA;05D
74261;BUNDY;05E
74262;BAGLIONE;05F
74263;EL GOUR;05G
74264;ABADAL;05H
74265;COROLEU;05I
74266;BAGLIONI;05J
74267;BUNEA;05K
74268;EL GOURARI;05L
74269;COROMA;05M
74270;GERONES;05N
74271;BAGLIVO;05O
74272;ABADALEJO;05P
74273;GERONI;05Q
74274;EL GOURCH;05R
74275;COROMI;05S
74276;BAGNALL;05T
74277;ABADE;05U
74278;BUNECI;05V
74279;GERONIMO;05W
74280;COROMINA;05X
74281;BAGNARA;05Y
74282;EL GOURCHAL;60
74283;BUNEL;61
74284;BAGNASCO;62
74285;ABADEA;63
74286;BUNEMAN;64
74287;EL GOURCHE;65
74288;COROMINAS;66
74289;BAGNATO;67
74290;ABADES;68
74291;BUNERI;69
74292;EL GOURFTI;06A
74293;GEROSA;06B
74294;BAGNEANU;06C
74295;BUNES;06D
74296;GEROTINA;06E
74297;BAGNI;06F
74298;EL GOURGI;06G
74299;ABADEZ;06H
74300;GEROV;06I
74301;COROMINES;06J
74302;BUNESCU;06K
74303;EL GOURMAT;06L
74304;BAGNOLI;06M
74305;ABADI;06N
74306;EL GOURRAMI;06O
74307;BAGO;06P
74308;GEROVA;06Q
74309;COROMINOLA;06R
74310;BUNEZ;06S
74311;ABADIA;06T
74312;EL GOURRI;06U
74312;EL GOURRI;06U
74313;GERPE;06V
74313;GERPE;06V
74314;COROMINOS;06W
74314;COROMINOS;06W
74315;EL GOUT;06X
74315;EL GOUT;06X
74316;BAGOCIUS;06Y
74316;BAGOCIUS;06Y
74317;BUNGA;70
74317;BUNGA;70
74318;BUNGARD;71
74318;BUNGARD;71
74319;BAGOS;72
74319;BAGOS;72
74320;COROMOTO;73
74320;COROMOTO;73
74321;EL GOUTBI;74
74321;EL GOUTBI;74
74322;BUNGARDEAN;75
74322;BUNGARDEAN;75
74323;BAGOSI;76
74323;BAGOSI;76
74324;EL GOUY;77
74324;EL GOUY;77
74325;GERRA;78
74325;GERRA;78
74326;CORON;79
74326;CORON;79
74327;BUNGARZAN;07A
74327;BUNGARZAN;07A
74328;BAGOT;07B
74328;BAGOT;07B
74329;BUNGAU;07C
74329;BUNGAU;07C
74330;EL GOZZOUR;07D
74330;EL GOZZOUR;07D
74331;GERRARD;07E
74331;GERRARD;07E
74332;BAGOU;07F
74332;BAGOU;07F
74333;BAGOUR;07G
74333;BAGOUR;07G
74334;BUNGAY;07H
74334;BUNGAY;07H
74335;GERRERO;07I
74335;GERRERO;07I
74336;EL GRIBES;07J
74336;EL GRIBES;07J
74337;CORONA;07K
74337;CORONA;07K
74338;ABADIA DE BARBARA;07L
74338;ABADIA DE BARBARA;07L
74339;BUNGE;07M
74339;BUNGE;07M
74340;ABADIANO;07N
74340;ABADIANO;07N
74341;EL GRINI;07O
74341;EL GRINI;07O
74342;GERRETSEN;07P
74342;GERRETSEN;07P
74343;BAGOUZZANE;07Q
74343;BAGOUZZANE;07Q
74344;BUNGER;07R
74344;BUNGER;07R
74345;EL GRINY;07S
74345;EL GRINY;07S
74346;BUNGERT;07T
74346;BUNGERT;07T
74347;BAGRAMYAN;07U
74347;BAGRAMYAN;07U
74348;GERRI;07V
74348;GERRI;07V
74349;ABADIAS;07W
74349;ABADIAS;07W
74350;EL GROUDI;07X
74350;EL GROUDI;07X
74351;BAGRE;07Y
74351;BAGRE;07Y
74352;GERRICAGOITIA;80
74352;GERRICAGOITIA;80
74353;BUNGET;81
74353;BUNGET;81
74354;EL GSYMY;82
74354;EL GSYMY;82
74355;BAGRES;83
74355;BAGRES;83
74356;GERRIKABEITIA;84
74356;GERRIKABEITIA;84
74357;BUNGETE;85
74357;BUNGETE;85
74358;BAGRIN;86
74358;BAGRIN;86
74359;EL GTAIBI;87
74359;EL GTAIBI;87
74360;BUNGHEZ;88
74360;BUNGHEZ;88
74361;GERRIKAETXEBARRIA;89
74361;GERRIKAETXEBARRIA;89
74362;ABADIE;08A
74362;ABADIE;08A
74363;BAGRYANOV;08B
74363;BAGRYANOV;08B
74364;CORONADO;08C
74364;CORONADO;08C
74365;EL GTIBI;08D
74365;EL GTIBI;08D
74366;BUNGIU;08E
74366;BUNGIU;08E
74367;BAGRYANOVA;08F
74367;BAGRYANOVA;08F
74368;GERRIKAGOITIA;08G
74368;GERRIKAGOITIA;08G
74369;EL GUADDARI;08H
74369;EL GUADDARI;08H
74370;ABADIN;08I
74370;ABADIN;08I
74371;BUNICA;08J
74371;BUNICA;08J
74372;BAGSHAW;08K
74372;BAGSHAW;08K
74373;GERRIKO;08L
74373;GERRIKO;08L
74374;EL GUADI;08M
74374;EL GUADI;08M
74375;CORONAS;08N
74375;CORONAS;08N
74376;EL GUAIDI;08O
74376;EL GUAIDI;08O
74377;BUNK;08P
74377;BUNK;08P
74378;EL GUAISSI;08Q
74378;EL GUAISSI;08Q
74379;GERRITS;08R
74379;GERRITS;08R
74380;BAGSIT;08S
74380;BAGSIT;08S
74381;BUNKER;08T
74381;BUNKER;08T
74382;ABADITO;08U
74382;ABADITO;08U
74383;CORONATTI;08V
74383;CORONATTI;08V
74384;GERRITSEN;08W
74384;GERRITSEN;08W
74385;BUNKO;08X
74385;BUNKO;08X
74386;EL GUANNAB;08Y
74386;EL GUANNAB;08Y
74387;ABADI¥O;90
74387;ABADI¥O;90
74388;BAGTING;91
74388;BAGTING;91
74389;BUNN;92
74389;BUNN;92
74390;EL GUARNI;93
74390;EL GUARNI;93
74391;CORONE;94
74391;CORONE;94
74392;GERRU;95
74393;BAGU;96
74394;ABADLI;97
74395;CORONEL;98
74396;BUNNEY;99
74397;EL GUARRAH;09A
74398;BAGUA;09B
74399;ABADOU;09C
74400;GERRY;09D
74401;BUNNIES;09E
74402;EL GUARRATI;09F
74403;GERSDORF;09G
74404;ABADZHIEVA;09H
74405;BAGUDA;09I
74406;ABAEV;09J
74407;GERSOL;09K
74408;EL GUARTIT;09L
74409;BAGUDANCH;09M
74410;ABAEVA;09N
74411;BUNNING;09O
74412;BAGUE;09P
74413;GERSON;09Q
74414;BUNO;09R
74415;EL GUATAOUI;09S
74416;CORONEL DE PALMA;09T
74417;ABAG;09U
74418;GERSTEL;09V
74419;ABAGA;09W
74420;BAGUEIXE;09X
74421;BUNOAICA;09Y
74422;CORONELL;0A0
74423;GERSTER;0A1
74424;EL GUAZOULI;0A2
74425;BUNOIU;0A3
74426;GERSTNER;0A4
74427;CORONELLAS;0A5
74428;BAGUENA;0A6
74429;EL GUAZZAR;0A7
74430;ABAGDAD;0A8
74431;BUNQUIN;0A9
74432;EL GUEBLI;0AA
74433;CORONET;0AB
74434;BUNSHI;0AC
74435;GERTH;0AD
74436;ABAGHAD;0AE
74437;EL GUECHATI;0AF
74438;BAGUENAS;0AG
74439;BUNSTER;0AH
74440;GERTNER;0AI
74441;CORONIL;0AJ
74442;ABAGHLIE;0AK
74443;BAGUENNA;0AL
74444;EL GUEDDARI;0AM
74445;BUNT;0AN
74446;GERTRUDE;0AO
74447;ABAGHRIR;0AP
74448;ABAGIU;0AQ
74449;EL GUEDDARY;0AR
74450;BUNTA;0AS
74451;BAGUER;0AT
74452;CORONILLA;0AU
74453;GERTRUDES;0AV
74454;EL GUELIY;0AW
74455;ABAGRI;0AX
74456;BAGUERIA;0AY
74457;GERTRUDIS;0B0
74458;EL GUENANI;0B1
74459;BUNTE;0B2
74460;ABAHA;0B3
74461;BAGUES;0B4
74462;EL GUENAOUI;0B5
74463;CORONO;0B6
74464;GERTRUDIX;0B7
74465;BUNTER;0B8
74466;ABAHABIBI;0B9
74467;EL GUENDOUZ;0BA
74468;COROPCARIU;0BB
74469;BUNTIN;0BC
74470;ABAHAMID;0BD
74471;GERTZ;0BE
74472;BAGUESTE;0BF
74473;BUNTING;0BG
74474;COROPCEANU;0BH
74475;GERU;0BI
74476;EL GUENFOUD;0BJ
74477;BAGUET;0BK
74478;ABAHAY;0BL
74479;COROS;0BM
74480;BAGUI;0BN
74481;GERVACIO;0BO
74482;ABAHMANE;0BP
74483;BUNTINX;0BQ
74484;EL GUENFOUDY;0BR
74485;COROSO;0BS
74486;BAGUIO;0BT
74487;BUNTON;0BU
74488;ABAHORIRA;0BV
74489;EL GUENNOUNI;0BW
74490;COROSTOLA;0BX
74491;GERVAIS;0BY
74492;BAGULEY;0C0
74493;BUNU;0C1
74494;ABAHRI;0C2
74495;BUNUAR;0C3
74496;EL GUENOUNI;0C4
74497;BAGULHO;0C5
74498;ABAICH;0C6
74499;GERVAS;0C7
74500;COROT;0C8
74501;EL GUERCH;0C9
74502;BAGULLO;0CA
74503;BUNYAK;0CB
74504;ABAID;0CC
74505;COROVANCA;0CD
74506;EL GUERCHE;0CE
74507;BAGUM;0CF
74508;COROVEI;0CG
74509;ABAIDA;0CH
74510;BUNYAN;0CI
74511;GERVASI;0CJ
74512;EL GUERFTI;0CK
74513;BAGUNYA;0CL
74514;COROZEL;0CM
74515;EL GUERGAR;0CN
74516;BAGUR;0CO
74517;BUNYI;0CP
74518;ABAIGAR;0CQ
74519;COROZO;0CR
74520;GERVASINI;0CS
74521;EL GUERMAT;0CT
74522;BUNYOL;0CU
74523;BAGUS;0CV
74524;BUNZ;0CW
74525;BAGUST;0CX
74526;EL GUERMEZ;0CY
74527;CORP;0D0
74528;GERVASIO;0D1
74529;BAGU¥A;0D2
74530;ABAIJON;0D3
74531;CORPA;0D4
74532;EL GUERNAOUI;0D5
74533;BUNZL;0D6
74534;BAH;0D7
74535;GERVASO;0D8
74536;EL GUEROUANI;0D9
74537;BUOL;0DA
74538;ABAIR;0DB
74539;GERVASONI;0DC
74540;EL GUERRAB;0DD
74541;CORPACI;0DE
74542;ABAITUA;0DF
74543;GERVENO;0DG
74544;BUONAIUTO;0DH
74545;BAHA;0DI
74546;BUONAMISIS;0DJ
74547;GERVILLA;0DK
74548;CORPADE;0DL
74549;EL GUERROUJ;0DM
74550;ABAIZ;0DN
74551;BUONANNO;0DO
74552;BAHABON;0DP
74553;EL GUERYNY;0DQ
74554;ABAIZID;0DR
74555;BUONCUORE;0DS
74556;GERVOLES;0DT
74557;ABAJAS;0DU
74558;BUONGERMINI;0DV
74559;EL GUETEBI;0DW
74560;BAHADAR;0DX
74561;ABAJO;0DY
74562;GERWIEN;0,00E+00
74563;GERWIG;0,00E+00
74564;BUONGIORNO;0,00E+00
74565;EL GUETTABI;0,00E+00
74566;BAHADDA;0,00E+00
74567;GES;0,00E+00
74568;BAHADDI;0,00E+00
74569;BUONGIOVANNI;0,00E+00
74570;EL GUETTI;0,00E+00
74571;ABAJOS;0,00E+00
74572;GESA;0EA
74573;BAHADDOU;0EB
74574;BUONO;0EC
74575;GESALAGA;0ED
74576;ABAJTIT;0EE
74577;EL GUEZAR;0EF
74578;BAHADI;0EG
74579;EL GUEZZAR;0EH
74580;ABAJTOUR;0EI
74581;BUONOCORE;0EJ
74582;GESALI;0EK
74583;BAHADUR;0EL
74584;EL GUINIARI;0EM
74585;BUONOMO;0EN
74586;ABAJYAN;0EO
74587;GESCHKE;0EP
74588;BAHAFA;0EQ
74589;ABAKAH;0ER
74590;CORPADEAN;0ES
74591;GESCHWANDTNER;0ET
74592;BAHAGA;0EU
74593;BUONSANTE;0EV
74594;EL GUIR;0EW
74595;ABAKHTI;0EX
74596;EL GUIRAA;0EY
74597;BAHAIDA;0F0
74598;GESE;0F1
74599;CORPAN;0F2
74600;ABAKI;0F3
74601;BUOSI;0F4
74602;BAHAJ;0F5
74603;EL GUIRI;0F6
74604;CORPANCHO;0F7
74605;EL GUITTI;0F8
74606;BUQUE;0F9
74607;ABAKKOUY;0FA
74608;BAHAJA;0FB
74609;CORPAS;0FC
74610;EL GUYLY;0FD
74611;GESHEV;0FE
74612;ABAKOUY;0FF
74613;BUQUERA;0FG
74614;BAHAKI;0FH
74615;EL GZOULI;0FI
74616;BUQUERAS;0FJ
74617;GESHEVA;0FK
74618;ABAKUMOV;0FL
74619;EL HABACHI;0FM
74620;BAHAL;0FN
74621;ABAKUMOVA;0FO
74622;EL HABACHY;0FP
74623;BUQUERIN;0FQ
74624;GESIM;0FR
74625;BAHALA;0FS
74626;ABAL;0FT
74627;CORPAZ;0FU
74628;EL HABBACH;0FV
74629;GESLIN;0FW
74630;BAHALOUL;0FX
74631;CORPION;0FY
74632;BUQUET;0G0
74633;GESMUNDO;0G1
74634;EL HABBARI;0G2
74635;BAHAMI;0G3
74636;CORPODEAN;0G4
74637;BUQUETE;0G5
74638;GESSA;0G6
74639;EL HABBASSI;0G7
74640;ABALABIDE;0G8
74641;BUQUIRAN;0G9
74642;EL HABBOUDI;0GA
74643;BAHAMMOU;0GB
74644;ABALARU;0GC
74645;CORPORALES;0GD
74646;GESSE;0GE
74647;EL HABBOUTI;0GF
74648;BUR;0GG
74649;BAHAMON;0GH
74650;ABALASEI;0GI
74651;EL HABCHI;0GJ
74652;BURA;0GK
74653;GESSLER;0GL
74654;ABALCO;0GM
74655;BAHAMONDE;0GN
74656;CORPORAN;0GO
74657;EL HABIB;0GP
74658;GESSNER;0GQ
74659;BURAC;0GR
74660;ABALDE;0GS
74661;GESTA;0GT
74662;CORPS;0GU
74663;BURADA;0GV
74664;CORPUS;0GW
74665;GESTAL;0GX
74666;BURAGA;0GY
74667;CORPUZ;0H0
74668;ABALDEA;0H1
74669;EL HABIBA;0H2
74670;BURAGLIA;0H3
74671;EL HABIBI;0H4
74672;BURAK;0H5
74673;CORR;0H6
74674;ABALHADJ;0H7
74675;GESTEIRA;0H8
74676;CORRA;0H9
74677;BURAKOV;0HA
74678;BAHAMONDES;0HB
74679;EL HABIL;0HC
74680;ABALI;0HD
74681;BURALLA;0HE
74682;CORRADA;0HF
74683;EL HABIL ADDAS;0HG
74684;ABALIA;0HH
74685;GESTEIRAS;0HI
74686;BAHAMONDEZ;0HJ
74687;BURANELLO;0HK
74688;EL HABLAOUI;0HL
74689;CORRADETTI;0HM
74690;EL HABOUT;0HN
74691;GESTEIRO;0HO
74692;CORRADI;0HP
74693;ABALINTOAIE;0HQ
74694;BURANI;0HR
74695;BAHAMONTE;0HS
74696;EL HABRA;0HT
74697;BURAS;0HU
74698;GESTER;0HV
74699;ABALLA;0HW
74700;BAHAMONTES;0HX
74701;CORRADINE;0HY
74702;EL HABRI;0I0
74703;BURATA;0I1
74704;GESTERA;0I2
74705;CORRADINI;0I3
74706;ABALLAGH;0I4
74707;BAHAMOU;0I5
74708;EL HABROUK;0I6
74709;BURATI;0I7
74710;GESTI;0I8
74711;ABALLANET;0I9
74712;CORRADO;0IA
74713;BAHAN;0IB
74714;EL HABSATI;0IC
74715;BURATO;0ID
74716;GESTIDO;0IE
74717;BAHANA;0IF
74718;CORRAIS;0IG
74719;ABALLAY;0IH
74720;EL HABTI;0II
74721;BAHAQQY;0IJ
74722;BURATTI;0IK
74723;CORRAL;0IL
74724;ABALLE;0IM
74725;BAHAR;0IN
74726;GESTIN;0IO
74727;BURATTINI;0IP
74728;BAHARANI;0IQ
74729;GESTINO;0IR
74730;ABALLI;0IS
74731;BURATTO;0IT
74732;BAHARI;0IU
74733;GESTO;0IV
74734;EL HABTY;0IW
74735;ABALLO;0IX
74736;BURAYA;0IY
74737;EL HABZ;0J0
74738;ABALO;0J1
74739;BAHASSINE;0J2
74740;BURBA;0J3
74741;EL HABZI;0J4
74742;BURBAIL;0J5
74743;BAHASSOU;0J6
74744;EL HACEN;0J7
74745;GESTOSO;0J8
74746;BURBALLA;0J9
74747;BAHAZ;0JA
74748;EL HACH;0JB
74749;BURBAN;0JC
74750;BAHBAH;0JD
74751;EL HACH MOHAMED;0JE
74752;BURBANO;0JF
74753;CORRALECHE;0JG
74754;BAHBAHI;0JH
74755;EL HACHEM;0JI
74756;CORRALEJO;0JJ
74757;ABALOS;0JK
74758;BAHBOUH;0JL
74759;EL HACHEMI;0JM
74760;BAHCIN;0JN
74761;GESTRO;0JO
74762;EL HACHEMY;0JP
74763;BAHDAOUI;0JQ
74764;GESUALDI;0JR
74765;CORRALERO;0JS
74766;EL HACHIM;0JT
74767;GESUALDO;0JU
74768;BAHEDDI;0JV
74769;EL HACHIMI;0JW
74770;GETA;0JX
74771;CORRALES;0JY
74772;BAHENA;0K0
74773;GETACHEW;0K1
74774;BURBANO DE LARA;0K2
74775;BAHENT;0K3
74776;GETAFE;0K4
74777;BURBEA;0K5
74778;ABALSAMO;0K6
74779;BAHHA;0K7
74780;GETAN;0K8
74781;ABAMADYAN;0K9
74782;BURBELA;0KA
74783;BAHHADI;0KB
74784;EL HACHIOUI;0KC
74785;ABAMBARI;0KD
74786;BURBERRY;0KE
74787;GETARIA;0KF
74788;BAHHAR;0KG
74789;EL HACHLAF;0KH
74790;BURBIDGE;0KI
74791;BAHHOU;0KJ
74792;EL HACHLAFI;0KK
74793;BURBRIDGE;0KL
74794;ABAN;0KM
74795;GETE;0KN
74796;BAHI;0KO
74797;EL HACHLOUFI;0KP
74798;BURBULEA;0KQ
74799;CORRALE¥O;0KR
74800;BURBULIA;0KS
74801;EL HACHMI;0KT
74802;CORRALIZA;0KU
74803;BURCA;0KV
74804;ABANADES;0KW
74805;BAHIA;0KX
74806;EL HACHMIOUI;0KY
74807;EL HACHOUMI;0L0
74808;GETE ALONSO;0L1
74809;BAHICA;0L2
74810;EL HACHOUNI;0L3
74811;BURCAICEA;0L4
;;
74312;EL GOURRI;06U
74313;GERPE;06V
74314;COROMINOS;06W
74315;EL GOUT;06X
74316;BAGOCIUS;06Y
74317;BUNGA;70
74318;BUNGARD;71
74319;BAGOS;72
74320;COROMOTO;73
74321;EL GOUTBI;74
74322;BUNGARDEAN;75
74323;BAGOSI;76
74324;EL GOUY;77
74325;GERRA;78
74326;CORON;79
74327;BUNGARZAN;07A
74328;BAGOT;07B
74329;BUNGAU;07C
74330;EL GOZZOUR;07D
74331;GERRARD;07E
74332;BAGOU;07F
74333;BAGOUR;07G
74334;BUNGAY;07H
74335;GERRERO;07I
74336;EL GRIBES;07J
74337;CORONA;07K
74338;ABADIA DE BARBARA;07L
74339;BUNGE;07M
74340;ABADIANO;07N
74341;EL GRINI;07O
74342;GERRETSEN;07P
74343;BAGOUZZANE;07Q
74344;BUNGER;07R
74345;EL GRINY;07S
74346;BUNGERT;07T
74347;BAGRAMYAN;07U
74348;GERRI;07V
74349;ABADIAS;07W
74350;EL GROUDI;07X
74351;BAGRE;07Y
74352;GERRICAGOITIA;80
74353;BUNGET;81
74354;EL GSYMY;82
74355;BAGRES;83
74356;GERRIKABEITIA;84
74357;BUNGETE;85
74358;BAGRIN;86
74359;EL GTAIBI;87
74360;BUNGHEZ;88
74361;GERRIKAETXEBARRIA;89
74362;ABADIE;08A
74363;BAGRYANOV;08B
74364;CORONADO;08C
74365;EL GTIBI;08D
74366;BUNGIU;08E
74367;BAGRYANOVA;08F
74368;GERRIKAGOITIA;08G
74369;EL GUADDARI;08H
74370;ABADIN;08I
74371;BUNICA;08J
74372;BAGSHAW;08K
74373;GERRIKO;08L
74374;EL GUADI;08M
74375;CORONAS;08N
74376;EL GUAIDI;08O
74377;BUNK;08P
74378;EL GUAISSI;08Q
74379;GERRITS;08R
74380;BAGSIT;08S
74381;BUNKER;08T
74382;ABADITO;08U
74383;CORONATTI;08V
74384;GERRITSEN;08W
74385;BUNKO;08X
74386;EL GUANNAB;08Y
74387;ABADI¥O;90
74388;BAGTING;91
74389;BUNN;92
74390;EL GUARNI;93
74391;CORONE;94
74392;GERRU;95
74393;BAGU;96
74394;ABADLI;97
74395;CORONEL;98
74396;BUNNEY;99
74397;EL GUARRAH;09A
74398;BAGUA;09B
74399;ABADOU;09C
74400;GERRY;09D
74401;BUNNIES;09E
74402;EL GUARRATI;09F
74403;GERSDORF;09G
74404;ABADZHIEVA;09H
74405;BAGUDA;09I
74406;ABAEV;09J
74407;GERSOL;09K
74408;EL GUARTIT;09L
74409;BAGUDANCH;09M
74410;ABAEVA;09N
74411;BUNNING;09O
74412;BAGUE;09P
74413;GERSON;09Q
74414;BUNO;09R
74415;EL GUATAOUI;09S
74416;CORONEL DE PALMA;09T
74417;ABAG;09U
74418;GERSTEL;09V
74419;ABAGA;09W
74420;BAGUEIXE;09X
74421;BUNOAICA;09Y
74422;CORONELL;0A0
74423;GERSTER;0A1
74424;EL GUAZOULI;0A2
74425;BUNOIU;0A3
74426;GERSTNER;0A4
74427;CORONELLAS;0A5
74428;BAGUENA;0A6
74429;EL GUAZZAR;0A7
74430;ABAGDAD;0A8
74431;BUNQUIN;0A9
74432;EL GUEBLI;0AA
74433;CORONET;0AB
74434;BUNSHI;0AC
74435;GERTH;0AD
74436;ABAGHAD;0AE
74437;EL GUECHATI;0AF
74438;BAGUENAS;0AG
74439;BUNSTER;0AH
74440;GERTNER;0AI
74441;CORONIL;0AJ
74442;ABAGHLIE;0AK
74443;BAGUENNA;0AL
74444;EL GUEDDARI;0AM
74445;BUNT;0AN
74446;GERTRUDE;0AO
74447;ABAGHRIR;0AP
74448;ABAGIU;0AQ
74449;EL GUEDDARY;0AR
74450;BUNTA;0AS
74451;BAGUER;0AT
74452;CORONILLA;0AU
74453;GERTRUDES;0AV
74454;EL GUELIY;0AW
74455;ABAGRI;0AX
74456;BAGUERIA;0AY
74457;GERTRUDIS;0B0
74458;EL GUENANI;0B1
74459;BUNTE;0B2
74460;ABAHA;0B3
74461;BAGUES;0B4
74462;EL GUENAOUI;0B5
74463;CORONO;0B6
74464;GERTRUDIX;0B7
74465;BUNTER;0B8
74466;ABAHABIBI;0B9
74467;EL GUENDOUZ;0BA
74468;COROPCARIU;0BB
74469;BUNTIN;0BC
74470;ABAHAMID;0BD
74471;GERTZ;0BE
74472;BAGUESTE;0BF
74473;BUNTING;0BG
74474;COROPCEANU;0BH
74475;GERU;0BI
74476;EL GUENFOUD;0BJ
74477;BAGUET;0BK
74478;ABAHAY;0BL
74479;COROS;0BM
74480;BAGUI;0BN
74481;GERVACIO;0BO
74482;ABAHMANE;0BP
74483;BUNTINX;0BQ
74484;EL GUENFOUDY;0BR
74485;COROSO;0BS
74486;BAGUIO;0BT
74487;BUNTON;0BU
74488;ABAHORIRA;0BV
74489;EL GUENNOUNI;0BW
74490;COROSTOLA;0BX
74491;GERVAIS;0BY
74492;BAGULEY;0C0
74493;BUNU;0C1
74494;ABAHRI;0C2
74495;BUNUAR;0C3
74496;EL GUENOUNI;0C4
74497;BAGULHO;0C5
74498;ABAICH;0C6
74499;GERVAS;0C7
74500;COROT;0C8
74501;EL GUERCH;0C9
74502;BAGULLO;0CA
74503;BUNYAK;0CB
74504;ABAID;0CC
74505;COROVANCA;0CD
74506;EL GUERCHE;0CE
74507;BAGUM;0CF
74508;COROVEI;0CG
74509;ABAIDA;0CH
74510;BUNYAN;0CI
74511;GERVASI;0CJ
74512;EL GUERFTI;0CK
74513;BAGUNYA;0CL
74514;COROZEL;0CM
74515;EL GUERGAR;0CN
74516;BAGUR;0CO
74517;BUNYI;0CP
74518;ABAIGAR;0CQ
74519;COROZO;0CR
74520;GERVASINI;0CS
74521;EL GUERMAT;0CT
74522;BUNYOL;0CU
74523;BAGUS;0CV
74524;BUNZ;0CW
74525;BAGUST;0CX
74526;EL GUERMEZ;0CY
74527;CORP;0D0
74528;GERVASIO;0D1
74529;BAGU¥A;0D2
74530;ABAIJON;0D3
74531;CORPA;0D4
74532;EL GUERNAOUI;0D5
74533;BUNZL;0D6
74534;BAH;0D7
74535;GERVASO;0D8
74536;EL GUEROUANI;0D9
74537;BUOL;0DA
74538;ABAIR;0DB
74539;GERVASONI;0DC
74540;EL GUERRAB;0DD
74541;CORPACI;0DE
74542;ABAITUA;0DF
74543;GERVENO;0DG
74544;BUONAIUTO;0DH
74545;BAHA;0DI
74546;BUONAMISIS;0DJ
74547;GERVILLA;0DK
74548;CORPADE;0DL
74549;EL GUERROUJ;0DM
74550;ABAIZ;0DN
74551;BUONANNO;0DO
74552;BAHABON;0DP
74553;EL GUERYNY;0DQ
74554;ABAIZID;0DR
74555;BUONCUORE;0DS
74556;GERVOLES;0DT
74557;ABAJAS;0DU
74558;BUONGERMINI;0DV
74559;EL GUETEBI;0DW
74560;BAHADAR;0DX
74561;ABAJO;0DY
74562;GERWIEN;0,00E+00
74563;GERWIG;0,00E+00
74564;BUONGIORNO;0,00E+00
74565;EL GUETTABI;0,00E+00
74566;BAHADDA;0,00E+00
74567;GES;0,00E+00
74568;BAHADDI;0,00E+00
74569;BUONGIOVANNI;0,00E+00
74570;EL GUETTI;0,00E+00
74571;ABAJOS;0,00E+00
74572;GESA;0EA
74573;BAHADDOU;0EB
74574;BUONO;0EC
74575;GESALAGA;0ED
74576;ABAJTIT;0EE
74577;EL GUEZAR;0EF
74578;BAHADI;0EG
74579;EL GUEZZAR;0EH
74580;ABAJTOUR;0EI
74581;BUONOCORE;0EJ
74582;GESALI;0EK
74583;BAHADUR;0EL
74584;EL GUINIARI;0EM
74585;BUONOMO;0EN
74586;ABAJYAN;0EO
74587;GESCHKE;0EP
74588;BAHAFA;0EQ
74589;ABAKAH;0ER
74590;CORPADEAN;0ES
74591;GESCHWANDTNER;0ET
74592;BAHAGA;0EU
74593;BUONSANTE;0EV
74594;EL GUIR;0EW
74595;ABAKHTI;0EX
74596;EL GUIRAA;0EY
74597;BAHAIDA;0F0
74598;GESE;0F1
74599;CORPAN;0F2
74600;ABAKI;0F3
74601;BUOSI;0F4
74602;BAHAJ;0F5
74603;EL GUIRI;0F6
74604;CORPANCHO;0F7
74605;EL GUITTI;0F8
74606;BUQUE;0F9
74607;ABAKKOUY;0FA
74608;BAHAJA;0FB
74609;CORPAS;0FC
74610;EL GUYLY;0FD
74611;GESHEV;0FE
74612;ABAKOUY;0FF
74613;BUQUERA;0FG
74614;BAHAKI;0FH
74615;EL GZOULI;0FI
74616;BUQUERAS;0FJ
74617;GESHEVA;0FK
74618;ABAKUMOV;0FL
74619;EL HABACHI;0FM
74620;BAHAL;0FN
74621;ABAKUMOVA;0FO
74622;EL HABACHY;0FP
74623;BUQUERIN;0FQ
74624;GESIM;0FR
74625;BAHALA;0FS
74626;ABAL;0FT
74627;CORPAZ;0FU
74628;EL HABBACH;0FV
74629;GESLIN;0FW
74630;BAHALOUL;0FX
74631;CORPION;0FY
74632;BUQUET;0G0
74633;GESMUNDO;0G1
74634;EL HABBARI;0G2
74635;BAHAMI;0G3
74636;CORPODEAN;0G4
74637;BUQUETE;0G5
74638;GESSA;0G6
74639;EL HABBASSI;0G7
74640;ABALABIDE;0G8
74641;BUQUIRAN;0G9
74642;EL HABBOUDI;0GA
74643;BAHAMMOU;0GB
74644;ABALARU;0GC
74645;CORPORALES;0GD
74646;GESSE;0GE
74647;EL HABBOUTI;0GF
74648;BUR;0GG
74649;BAHAMON;0GH
74650;ABALASEI;0GI
74651;EL HABCHI;0GJ
74652;BURA;0GK
74653;GESSLER;0GL
74654;ABALCO;0GM
74655;BAHAMONDE;0GN
74656;CORPORAN;0GO
74657;EL HABIB;0GP
74658;GESSNER;0GQ
74659;BURAC;0GR
74660;ABALDE;0GS
74661;GESTA;0GT
74662;CORPS;0GU
74663;BURADA;0GV
74664;CORPUS;0GW
74665;GESTAL;0GX
74666;BURAGA;0GY
74667;CORPUZ;0H0
74668;ABALDEA;0H1
74669;EL HABIBA;0H2
74670;BURAGLIA;0H3
74671;EL HABIBI;0H4
74672;BURAK;0H5
74673;CORR;0H6
74674;ABALHADJ;0H7
74675;GESTEIRA;0H8
74676;CORRA;0H9
74677;BURAKOV;0HA
74678;BAHAMONDES;0HB
74679;EL HABIL;0HC
74680;ABALI;0HD
74681;BURALLA;0HE
74682;CORRADA;0HF
74683;EL HABIL ADDAS;0HG
74684;ABALIA;0HH
74685;GESTEIRAS;0HI
74686;BAHAMONDEZ;0HJ
74687;BURANELLO;0HK
74688;EL HABLAOUI;0HL
74689;CORRADETTI;0HM
74690;EL HABOUT;0HN
74691;GESTEIRO;0HO
74692;CORRADI;0HP
74693;ABALINTOAIE;0HQ
74694;BURANI;0HR
74695;BAHAMONTE;0HS
74696;EL HABRA;0HT
74697;BURAS;0HU
74698;GESTER;0HV
74699;ABALLA;0HW
74700;BAHAMONTES;0HX
74701;CORRADINE;0HY
74702;EL HABRI;0I0
74703;BURATA;0I1
74704;GESTERA;0I2
74705;CORRADINI;0I3
74706;ABALLAGH;0I4
74707;BAHAMOU;0I5
74708;EL HABROUK;0I6
74709;BURATI;0I7
74710;GESTI;0I8
74711;ABALLANET;0I9
74712;CORRADO;0IA
74713;BAHAN;0IB
74714;EL HABSATI;0IC
74715;BURATO;0ID
74716;GESTIDO;0IE
74717;BAHANA;0IF
74718;CORRAIS;0IG
74719;ABALLAY;0IH
74720;EL HABTI;0II
74721;BAHAQQY;0IJ
74722;BURATTI;0IK
74723;CORRAL;0IL
74724;ABALLE;0IM
74725;BAHAR;0IN
74726;GESTIN;0IO
74727;BURATTINI;0IP
74728;BAHARANI;0IQ
74729;GESTINO;0IR
74730;ABALLI;0IS
74731;BURATTO;0IT
74732;BAHARI;0IU
74733;GESTO;0IV
74734;EL HABTY;0IW
74735;ABALLO;0IX
74736;BURAYA;0IY
74737;EL HABZ;0J0
74738;ABALO;0J1
74739;BAHASSINE;0J2
74740;BURBA;0J3
74741;EL HABZI;0J4
74742;BURBAIL;0J5
74743;BAHASSOU;0J6
74744;EL HACEN;0J7
74745;GESTOSO;0J8
74746;BURBALLA;0J9
74747;BAHAZ;0JA
74748;EL HACH;0JB
74749;BURBAN;0JC
74750;BAHBAH;0JD
74751;EL HACH MOHAMED;0JE
74752;BURBANO;0JF
74753;CORRALECHE;0JG
74754;BAHBAHI;0JH
74755;EL HACHEM;0JI
74756;CORRALEJO;0JJ
74757;ABALOS;0JK
74758;BAHBOUH;0JL
74759;EL HACHEMI;0JM
74760;BAHCIN;0JN
74761;GESTRO;0JO
74762;EL HACHEMY;0JP
74763;BAHDAOUI;0JQ
74764;GESUALDI;0JR
74765;CORRALERO;0JS
74766;EL HACHIM;0JT
74767;GESUALDO;0JU
74768;BAHEDDI;0JV
74769;EL HACHIMI;0JW
74770;GETA;0JX
74771;CORRALES;0JY
74772;BAHENA;0K0
74773;GETACHEW;0K1
74774;BURBANO DE LARA;0K2
74775;BAHENT;0K3
74776;GETAFE;0K4
74777;BURBEA;0K5
74778;ABALSAMO;0K6
74779;BAHHA;0K7
74780;GETAN;0K8
74781;ABAMADYAN;0K9
74782;BURBELA;0KA
74783;BAHHADI;0KB
74784;EL HACHIOUI;0KC
74785;ABAMBARI;0KD
74786;BURBERRY;0KE
74787;GETARIA;0KF
74788;BAHHAR;0KG
74789;EL HACHLAF;0KH
74790;BURBIDGE;0KI
74791;BAHHOU;0KJ
74792;EL HACHLAFI;0KK
74793;BURBRIDGE;0KL
74794;ABAN;0KM
74795;GETE;0KN
74796;BAHI;0KO
74797;EL HACHLOUFI;0KP
74798;BURBULEA;0KQ
74799;CORRALE¥O;0KR
74800;BURBULIA;0KS
74801;EL HACHMI;0KT
74802;CORRALIZA;0KU
74803;BURCA;0KV
74804;ABANADES;0KW
74805;BAHIA;0KX
74806;EL HACHMIOUI;0KY
74807;EL HACHOUMI;0L0
74808;GETE ALONSO;0L1
74809;BAHICA;0L2
74810;EL HACHOUNI;0L3
74811;BURCAICEA;0L4
